{"title":"Oakland General Fund","allocations":{"Parks and Recreation":2.70999999999999996447286321199499070644378662109375,"Library":1.8899999999999999023003738329862244427204132080078125,"Police":44.74000000000000198951966012828052043914794921875,"Fire":24.769999999999999573674358543939888477325439453125,"Public Works":0.5300000000000000266453525910037569701671600341796875,"Housing & Community Development":0.2399999999999999911182158029987476766109466552734375,"Human Services":1.979999999999999982236431605997495353221893310546875,"Jobs & Economic Development":0.75,"Transportation":1.70999999999999996447286321199499070644378662109375,"City Administration":6,"Race & Equity":0.0899999999999999966693309261245303787291049957275390625,"(Other)":14.4900000000000002131628207280300557613372802734375,"Violence Prevention":0.1000000000000000055511151231257827021181583404541015625}}{"title":"Oakland General Fund","allocations":{"Parks and Recreation":2.70999999999999996447286321199499070644378662109375,"Library":1.8899999999999999023003738329862244427204132080078125,"Police":44.74000000000000198951966012828052043914794921875,"Fire":24.769999999999999573674358543939888477325439453125,"Public Works":0.5300000000000000266453525910037569701671600341796875,"Housing & Community Development":0.2399999999999999911182158029987476766109466552734375,"Human Services":1.979999999999999982236431605997495353221893310546875,"Jobs & Economic Development":0.75,"Transportation":1.70999999999999996447286321199499070644378662109375,"City Administration":6,"Race & Equity":0.0899999999999999966693309261245303787291049957275390625,"(Other)":14.4900000000000002131628207280300557613372802734375,"Violence Prevention":0.1000000000000000055511151231257827021181583404541015625}}
